{
    "log_reg": {
        "roc_auc": 0.6529647518240674,
        "avg_precision": 0.2570211556519355,
        "f1": 0.2875816993464052,
        "accuracy": 0.6366666666666667,
        "balanced_acc": 0.6185900729626965,
        "brier": 0.22440767978648077
    },
    "rf": {
        "roc_auc": 0.6318466755729114,
        "avg_precision": 0.19990077772359094,
        "f1": 0.3023255813953488,
        "accuracy": 0.8,
        "balanced_acc": 0.6072346110368925,
        "brier": 0.1567238333333333
    },
    "xgb": {
        "roc_auc": 0.6199773918405097,
        "avg_precision": 0.18187600213302124,
        "f1": 0.30434782608695654,
        "accuracy": 0.7866666666666666,
        "balanced_acc": 0.6112424211283527,
        "brier": 0.17097540444373663
    },
    "lgbm": {
        "roc_auc": 0.5900729626965369,
        "avg_precision": 0.17260170565237642,
        "f1": 0.25,
        "accuracy": 0.78,
        "balanced_acc": 0.5726030212722228,
        "brier": 0.1630676807330716
    }
}