,roc_auc,avg_precision,f1,accuracy,balanced_acc,brier
log_reg,0.6529647518240674,0.2570211556519355,0.2875816993464052,0.6366666666666667,0.6185900729626965,0.22440767978648077
rf,0.6318466755729114,0.19990077772359094,0.3023255813953488,0.8,0.6072346110368925,0.1567238333333333
xgb,0.6199773918405097,0.18187600213302124,0.30434782608695654,0.7866666666666666,0.6112424211283527,0.17097540444373663
lgbm,0.5900729626965369,0.17260170565237642,0.25,0.78,0.5726030212722228,0.1630676807330716
